Sample	Top overrepresented sequence	Sum of remaining overrepresented sequences
SRR11772244_2	1.329956656153552	0.45995959427871624
SRR11772244_1	1.3507575422713007	0.9084787011926709
